"","PredNN","PredAutoNN","PredAutoARIMA","PredARIMA","Ensamble1","Ensamble2"
"1",3532.76042329812,3235.76656462214,3647.11920153028,3495.03958225814,3589.86063839225,3473.251763404
