"","PredNN","PredAutoNN","PredAutoARIMA","PredARIMA","Ensamble1","Ensamble2"
"1",46.9747756953641,134.485024349953,51.6576528605255,97.2051462849737,49.2016067166968,75.5888478877596
