"","PredNN","PredAutoNN","PredAutoARIMA","PredARIMA","Ensamble1","Ensamble2"
"1",44.8719165055146,137.1824662865,46.3944731330418,153.136308501567,45.1019243158988,74.1735478195566
