"","PredNN","PredAutoNN","PredAutoARIMA","PredARIMA","Ensamble1","Ensamble2"
"1",29.6953515317803,149.306073994524,98.045052753684,113.329205602997,41.7213811145515,75.7052028526742
