"","PredNN","PredAutoNN","PredAutoARIMA","PredARIMA","Ensamble1","Ensamble2"
"1",108.901463302539,210.739584544778,476.233033696364,136.048557645682,286.855471580993,261.121789046837
