"","PredNN","PredAutoNN","PredAutoARIMA","PredARIMA","Ensamble1","Ensamble2"
"1",220.946323396013,199.664172332592,383.703350015402,132.107238488806,299.601378660852,218.065713655595
