"","PredNN","PredAutoNN","PredAutoARIMA","PredARIMA","Ensamble1","Ensamble2"
"1",759.621966404491,736.605297783557,742.636957630338,658.974127851766,751.087091911176,746.259204492508
