"","PredNN","PredAutoNN","PredAutoARIMA","PredARIMA","Ensamble1","Ensamble2"
"1",95.3008751002055,138.355382965303,575.756162433016,313.529446626634,265.188094946852,166.350162543661
