"","PredNN","PredAutoNN","PredAutoARIMA","PredARIMA","Ensamble1","Ensamble2"
"1",27.2034257866044,152.115321806148,105.532915233015,65.5349967576158,50.8300202028865,33.0535424173595
