"","PredNN","PredAutoNN","PredAutoARIMA","PredARIMA","Ensamble1","Ensamble2"
"1",35.5170613902334,194.754741469187,199.062958807273,164.169342395841,110.214459319819,137.815087320689
