"","PredNN","PredAutoNN","PredAutoARIMA","PredARIMA","Ensamble1","Ensamble2"
"1",950.902717325355,3028.71531701798,352.107245401614,615.811877145988,586.498690079293,1358.23008224366
