"","PredNN","PredAutoNN","PredAutoARIMA","PredARIMA","Ensamble1","Ensamble2"
"1",284.661817478325,203.312322393173,445.353518336751,473.905407594489,326.379956168746,246.074941236494
