"","PredNN","PredAutoNN","PredAutoARIMA","PredARIMA","Ensamble1","Ensamble2"
"1",1298.40655192489,5967.31705303735,631.864053493438,4391.77975466191,957.844737328711,2592.73471500289
