"","PredNN","PredAutoNN","PredAutoARIMA","PredARIMA","Ensamble1","Ensamble2"
"1",888.917076020303,1827.00385233489,786.691013938384,464.529174183999,184.841950933577,645.659648347366
