"","PredNN","PredAutoNN","PredAutoARIMA","PredARIMA","Ensamble1","Ensamble2"
"1",542.770905115901,1132.58710951961,1681.39754381486,280.470302712633,590.05616754162,768.879150031157
