"","PredNN","PredAutoNN","PredAutoARIMA","PredARIMA","Ensemble1","Ensemble2"
"1",3531.9310321096,4386.64790460255,7722.77924611313,3504.34523143627,4591.43206516078,3563.21534719655
