"","PredNN","PredAutoNN","PredAutoARIMA","PredARIMA","Ensamble1","Ensamble2"
"1",1558.83938297161,477.395169806478,1523.67934394278,1511.01728055704,1510.0691483999,1035.29430461799
