"","PredNN","PredAutoNN","PredAutoARIMA","PredARIMA","Ensamble1","Ensamble2"
"1",309.768678904466,360.903264924971,181.324808183264,603.790806241215,245.39996807698,361.089610539061
