"","PredNN","PredAutoNN","PredAutoARIMA","PredARIMA","Ensamble1","Ensamble2"
"1",9.32925599464369,22.5839266946362,12.3475030226103,11.4050870245485,10.7717423347125,13.3532874368866
