"","PredNN","PredAutoNN","PredAutoARIMA","PredARIMA","Ensamble1","Ensamble2"
"1",2893.80631354281,2326.52222181481,3059.12416766412,2902.41006215228,2972.96851059607,2761.68070868158
