"","PredNN","PredAutoNN","PredAutoARIMA","PredARIMA","Ensamble1","Ensamble2"
"1",845.570543507434,1569.54747337285,449.525468236436,1072.46278153972,608.250845101966,923.935393947969
