"","PredNN","PredAutoNN","PredAutoARIMA","PredARIMA","Ensamble1","Ensamble2"
"1",203.633074840705,1831.76676655586,762.1870432029,984.54154596024,474.425171284953,907.867033977094
