"","PredNN","PredAutoNN","PredAutoARIMA","PredARIMA","Ensamble1","Ensamble2"
"1",825.606151015329,1011.31836076534,846.873203002705,733.061646341248,835.056443324468,851.832109539179
