"","PredNN","PredAutoNN","PredAutoARIMA","PredARIMA","Ensamble1","Ensamble2"
"1",26.2995145776935,26.2681013332218,28.1243949737066,24.4733608865578,27.2017776397556,26.2815169215768
