"","PredNN","PredAutoNN","PredAutoARIMA","PredARIMA","Ensamble1","Ensamble2"
"1",2.03742456195111,1.58698151896375,0.604556900540979,0.839848646734649,1.29693584654587,1.19986314465706
