"","PredNN","PredAutoNN","PredAutoARIMA","PredARIMA","Ensamble1","Ensamble2"
"1",1186.66615194732,2824.1892681444,1027.67955910411,206.696667613009,227.678700195739,718.247936931819
