"","PredNN","PredAutoNN","PredAutoARIMA","PredARIMA","Ensamble1","Ensamble2"
"1",470.501259284222,575.633323296999,547.497925347831,926.273352378794,507.66973957102,529.976121742001
