"","PredNN","PredAutoNN","PredAutoARIMA","PredARIMA","Ensamble1","Ensamble2"
"1",7.99935548438175,9.00221790678631,8.45316863519298,6.32372820934727,8.22261867200052,7.7494402411167
