"","PredNN","PredAutoNN","PredAutoARIMA","PredARIMA","Ensamble1","Ensamble2"
"1",2111.23538547139,1826.20852356279,2204.99725271792,2060.63372500888,2155.35672727942,2026.87488440211
