"","PredNN","PredAutoNN","PredAutoARIMA","PredARIMA","Ensamble1","Ensamble2"
"1",122.527084856208,135.019925014595,129.417418250851,186.488990604029,125.26191710592,127.325415834327
