"","PredNN","PredAutoNN","PredAutoARIMA","PredARIMA","Ensamble1","Ensamble2"
"1",794.07464946699,377.905265312872,1220.64217406062,992.401692290309,317.371592487228,212.832623556217
