"","PredNN","PredAutoNN","PredAutoARIMA","PredARIMA","Ensamble1","Ensamble2"
"1",1210.09937437545,621.006861753819,967.227586157535,626.047741675982,1086.17042408799,846.715686078795
