"","PredNN","PredAutoNN","PredAutoARIMA","PredARIMA","Ensamble1","Ensamble2"
"1",1198.90333116837,733.022917502439,1302.86490772117,1189.75945745097,1247.84647045094,1035.42035175089
