"","PredNN","PredAutoNN","PredAutoARIMA","PredARIMA","Ensamble1","Ensamble2"
"1",11.1184658256537,7.38331798048496,1.40589911553315,4.15402939486214,5.84257274109196,4.95482975062103
