"","PredNN","PredAutoNN","PredAutoARIMA","PredARIMA","Ensamble1","Ensamble2"
"1",524.426821335826,559.743449001611,547.348444323389,446.553354033235,534.723700508816,514.537054978176
