"","PredNN","PredAutoNN","PredAutoARIMA","PredARIMA","Ensamble1","Ensamble2"
"1",21.0077468442508,20.9687414222516,22.5059175891722,18.9892876590646,21.7452250325542,20.8491899447369
