"",".model","HighwayClass",".type","ME","RMSE","MAE","MPE","MAPE","MASE","RMSSE","ACF1","P"
"1","arima_sdif",20,"Test",1.14077612452475,14.9847501903916,11.6383201153794,-0.236505755576241,9.7890543347987,NA,NA,0.254995084422922,0.25
"2","arima_full",20,"Test",2.25181998230864,15.0088050895701,11.3449656652484,0.651980096996862,9.41740654847047,NA,NA,0.2897685632373,0.25
"3","tslm_vars",20,"Test",-1.83328529184657,15.1756090133288,12.146859467918,-2.8924753665412,10.4667100630713,NA,NA,0.255852824068101,0.25
"4","tslm_base",20,"Test",2.03920804933472,15.8403400365377,12.1819214540734,0.410035554807543,10.2831293823069,NA,NA,0.167276820056466,0.25
"5","drift",20,"Test",7.44857934481448,19.6171660712192,15.9729450752431,4.02081351930736,13.2126784210325,NA,NA,0.374893721292551,0.25
"6","naive",20,"Test",7.62025316455696,19.7002859325134,16.0253164556962,4.16796257449351,13.2384882371109,NA,NA,0.376336388544423,0.25
"7","arima_plain",20,"Test",8.95806405025984,20.159548055733,16.2210761524818,5.35310495777771,13.2517963830305,NA,NA,0.370143721568016,0.25
"8","snaive",20,"Test",-13.5949367088608,25.8422674084556,19.8481012658228,-12.9267131735982,17.947782175041,NA,NA,0.207822051168517,0.25
"9","tslm_inter",20,"Test",-5.32980731872859,28.740129884616,23.2747557073346,-6.03871078262801,20.7365592214494,NA,NA,0.368355130636724,0.25
