"",".model","HighwayClass",".type","ME","RMSE","MAE","MPE","MAPE","MASE","RMSSE","ACF1","P"
"1","tslm_vars",20,"Test",0.281226459206299,15.7347835960728,12.5504321405715,-1.26070662358698,10.6816814031248,NA,NA,0.169714933609293,0.3
"2","arima_sdif",20,"Test",4.10358380384429,16.4225976642531,12.9979285619302,2.10689317871798,10.7747866100324,NA,NA,0.185954734043977,0.3
"3","tslm_base",20,"Test",7.58115501519758,18.4231842223599,14.5844984802432,4.96338372989652,11.9339221974887,NA,NA,0.161528396721499,0.3
"4","arima_full",20,"Test",8.67801705417298,18.501478208553,13.9368592555186,5.95201711629879,11.2221985445572,NA,NA,0.284397839292334,0.3
"5","arima_plain",20,"Test",-2.52761028676477,18.661666433252,15.75025183959,-4.74902671259099,14.1276441640904,NA,NA,0.340691762144821,0.3
"6","drift",20,"Test",3.19778450126878,18.8310763864992,15.8672164747218,0.205316236914926,13.5612556768987,NA,NA,0.346581981575248,0.3
"7","naive",20,"Test",4.28723404255319,19.0746015825211,16.031914893617,1.14435335695535,13.5766020805626,NA,NA,0.351102870179821,0.3
"8","snaive",20,"Test",-12.4893617021277,24.37997085157,18.8297872340426,-12.0712947307135,16.9697417119784,NA,NA,0.123755189974242,0.3
"9","tslm_inter",20,"Test",-2.1655824899096,30.2965508756791,24.512522802563,-3.53205079016402,21.3633020790688,NA,NA,0.25207729620872,0.3
