"","PredNN","PredAutoNN","PredAutoARIMA","PredARIMA","Ensamble1","Ensamble2"
"1",310.956097640631,177.339331447894,281.18857694108,270.067130843889,295.296187400289,162.602409257359
