"","PredNN","PredAutoNN","PredAutoARIMA","PredARIMA","Ensamble1","Ensamble2"
"1",3.015736701354,1.79517910397383,1.20964325092396,3.43376059722281,1.22513862864515,1.89540954059232
