"","PredNN","PredAutoNN","PredAutoARIMA","PredARIMA","Ensamble1","Ensamble2"
"1",787.406747058386,766.519374229981,509.078176805161,641.820790480055,640.406136282778,682.115701189552
