"","PredNN","PredAutoNN","PredAutoARIMA","PredARIMA","Ensamble1","Ensamble2"
"1",6.82503675617339,10.0376516750697,14.0809643001523,14.228648043004,10.2750114894523,10.8570346136555
