"","PredNN","PredAutoNN","PredAutoARIMA","PredARIMA","Ensamble1","Ensamble2"
"1",451.363680394641,540.431209171326,475.796434795166,373.031568565881,461.958356965921,456.578271438962
