"","PredNN","PredAutoNN","PredAutoARIMA","PredARIMA","Ensamble1","Ensamble2"
"1",3223.79338401979,3107.0018075602,3249.41493865856,3146.70980274393,3236.29180678838,3171.18154341744
