"","PredNN","PredAutoNN","PredAutoARIMA","PredARIMA","Ensamble1","Ensamble2"
"1",3.82248753240137,40.1161517174371,12.9649752160545,12.9585674403845,7.57040230454977,16.8503161840172
