"","PredNN","PredAutoNN","PredAutoARIMA","PredARIMA","Ensamble1","Ensamble2"
"1",252.158128062197,360.977206924218,389.410923507467,380.959400808836,320.367275556659,345.539780650975
