"","PredNN","PredAutoNN","PredAutoARIMA","PredARIMA","Ensamble1","Ensamble2"
"1",1.16185719781481,0.57232688453434,1.2239338768798,1.50071180536412,1.19199975889527,1.11155408285826
