"","PredNN","PredAutoNN","PredAutoARIMA","PredARIMA","Ensamble1","Ensamble2"
"1",151.347694475335,147.737099148762,58.784873992566,270.101764505924,103.74612480422,155.04627631353
