"","PredNN","PredAutoNN","PredAutoARIMA","PredARIMA","Ensamble1","Ensamble2"
"1",2.38886956525456,1.50732451219599,1.58152871416891,3.70584902228636,1.91955178780518,2.09164366712481
