"","PredNN","PredAutoNN","PredAutoARIMA","PredARIMA","Ensamble1","Ensamble2"
"1",712.757596493789,787.774243492433,576.724626832267,753.149368922777,640.653290453817,698.144702672866
