"","PredNN","PredAutoNN","PredAutoARIMA","PredARIMA","Ensamble1","Ensamble2"
"1",185.707374612912,731.949413949719,516.231724727466,571.95097459321,341.874321689615,493.374178559173
