"","PredNN","PredAutoNN","PredAutoARIMA","PredARIMA","Ensamble1","Ensamble2"
"1",606.595095263962,675.92579738449,625.527350580993,533.393486688777,614.969164738159,607.875713007379
