"","PredNN","PredAutoNN","PredAutoARIMA","PredARIMA","Ensamble1","Ensamble2"
"1",2.43245122095653,3.02509731369935,1.56506032090665,4.07936611668255,1.82737450866626,2.32134731768508
