"","PredNN","PredAutoNN","PredAutoARIMA","PredARIMA","Ensamble1","Ensamble2"
"1",1073.78842988929,938.598317720042,786.410894093477,855.002589649491,929.767040506606,932.621559280761
