"","PredNN","PredAutoNN","PredAutoARIMA","PredARIMA","Ensamble1","Ensamble2"
"1",101.552239438046,147.665968966743,183.712027466697,143.802438088851,141.173526391793,143.335652678553
