"","PredNN","PredAutoNN","PredAutoARIMA","PredARIMA","Ensamble1","Ensamble2"
"1",288.907333372057,262.410432898472,226.672252134846,192.114693202721,256.856223321417,258.702174585303
