"","PredNN","PredAutoNN","PredAutoARIMA","PredARIMA","Ensamble1","Ensamble2"
"1",30.3242524766702,83.8051367414837,134.203231331479,33.7194674269992,80.4328271323162,31.3413205815911
