"","PredNN","PredAutoNN","PredAutoARIMA","PredARIMA","Ensamble1","Ensamble2"
"1",84.7131807329541,165.124101059616,203.288938412034,139.626977128688,108.022610276889,126.587301984412
