"","PredNN","PredAutoNN","PredAutoARIMA","PredARIMA","Ensamble1","Ensamble2"
"1",756.184372950582,759.788127075762,509.078176805161,641.820790480055,625.95734210223,670.084701176253
