"","PredNN","PredAutoNN","PredAutoARIMA","PredARIMA","Ensamble1","Ensamble2"
"1",4882.91495920292,5147.1813805218,764.85257552018,12321.8681576898,2096.1586706627,3111.97587749371
