"","PredNN","PredAutoNN","PredAutoARIMA","PredARIMA","Ensamble1","Ensamble2"
"1",1484.11344892801,1780.18279535586,1689.18375610788,857.314335059514,1529.45656653655,1601.02865270466
