"","PredNN","PredAutoNN","PredAutoARIMA","PredARIMA","Ensamble1","Ensamble2"
"1",5824.8295919526,7053.09997497859,8142.68167762824,1013.76976266266,1296.32260095153,1692.6493595728
