"","PredNN","PredAutoNN","PredAutoARIMA","PredARIMA","Ensamble1","Ensamble2"
"1",694.787885921429,760.789571519453,83.9472623087337,611.375829488555,384.924021799377,141.624348182901
