"","PredNN","PredAutoNN","PredAutoARIMA","PredARIMA","Ensamble1","Ensamble2"
"1",106.700880896783,140.10900689535,575.756162433016,313.529446626634,266.299880845055,180.026927154547
