"","PredNN","PredAutoNN","PredAutoARIMA","PredARIMA","Ensamble1","Ensamble2"
"1",2935.08924565581,2409.80833919563,175.62042939402,231.708087869369,1455.26450206041,1355.42175911613
