"","PredNN","PredAutoNN","PredAutoARIMA","PredARIMA","Ensamble1","Ensamble2"
"1",13.1780308749827,13.1906740691568,14.2113516464301,11.3033624756846,13.6886892172559,12.9363478267679
