"","PredNN","PredAutoNN","PredAutoARIMA","PredARIMA","Ensamble1","Ensamble2"
"1",2590.66698097669,3214.61731627403,2788.51612347659,2644.17653411354,2684.15931296059,2755.6726450046
