"","PredNN","PredAutoNN","PredAutoARIMA","PredARIMA","Ensamble1","Ensamble2"
"1",729.888108903842,756.678771250896,515.813288716084,599.260432158147,621.111011566524,647.443474435761
