"","PredNN","PredAutoNN","PredAutoARIMA","PredARIMA","Ensamble1","Ensamble2"
"1",3.87241744648813,1.06206251371856,0.784500283979994,3.25600327240728,1.93830582011256,1.82234779248556
