"","PredNN","PredAutoNN","PredAutoARIMA","PredARIMA","Ensamble1","Ensamble2"
"1",16.0160841956623,16.1046413279903,17.1260036202262,13.9648406418287,16.5654926159343,15.7777226078206
