"","PredNN","PredAutoNN","PredAutoARIMA","PredARIMA","Ensamble1","Ensamble2"
"1",2.10830644764292,6.28650946704926,2.06178975323365,3.42211909144921,1.92797499815549,2.80918313685024
