"","PredNN","PredAutoNN","PredAutoARIMA","PredARIMA","Ensemble1","Ensemble2"
"1",3792.18663036545,4471.14344383243,7722.77924611313,3504.34523143627,4275.65617558624,3584.81713127894
