"","PredNN","PredAutoNN","PredAutoARIMA","PredARIMA","Ensamble1","Ensamble2"
"1",3873.8800081176,2216.53111385902,3467.94150023159,1897.88001965433,722.824724169815,245.594143811057
