"","PredNN","PredAutoNN","PredAutoARIMA","PredARIMA","Ensamble1","Ensamble2"
"1",6.02118359294324,2.10394999085582,1.80591568094975,3.13433421852106,2.67539567020042,1.54361299460067
