"","PredNN","PredAutoNN","PredAutoARIMA","PredARIMA","Ensamble1","Ensamble2"
"1",353.36377545095,372.761834559026,284.662287940675,203.605293934158,316.416402211566,287.581732137615
