"","PredNN","PredAutoNN","PredAutoARIMA","PredARIMA","Ensamble1","Ensamble2"
"1",15.6143783415218,14.6702123308118,9.7424963660507,12.7255794987296,5.56503069567533,5.11705363165367
