"","PredNN","PredAutoNN","PredAutoARIMA","PredARIMA","Ensamble1","Ensamble2"
"1",5075.20830833636,5017.20029288773,4826.70373802466,5300.04008817881,4840.33735853415,4450.79281737405
