"","PredNN","PredAutoNN","PredAutoARIMA","PredARIMA","Ensamble1","Ensamble2"
"1",399.920838329548,257.010198107021,242.583235207056,400.714642566683,318.51546347662,295.50908629198
