"","PredNN","PredAutoNN","PredAutoARIMA","PredARIMA","Ensemble1","Ensemble2"
"1",327.490612014392,1919.95792188097,514.431587994799,520.679752842158,1179.41631776886,767.659240767905
